title,author,score,date,comment
Is it so wrong to theorize that the Nashville gunman probably shot up the Christian school because he was bullied for being transgender?,kh7190,337,2023-03-30 13:12:01,
,Kuildeous,90,2023-03-30 14:09:31,certainly possibility bullying events far removed today school environment aggression even misplaced know victims recall hearing specifically targeted could wrong rather focus wrongness crime course bigots try blame perpetuator trans existence trans shooter mentally unstable well yeah bullied hateful bigots like person
,kh7190,22,2023-03-30 14:17:58,exactly getting conservatives want blame easy access guns biggest issue trying tackle issue side things mental illness always scream irrelevant mentally ill people want shoot schools want blame mental health maybe think biggest stressors transgender person specifically accepted time folks christian based values
,Asher-D,17,2023-03-30 15:54:01,dont get issues cant addressed obviously gun legislation paramount mental health important people dont deserve suffer
,Myrddin_Dundragon,13,2023-03-30 19:36:10,someone summed nicely mental health issues exist developed nations nowhere else many school shootings easy get guns
,Hopeful-Base-2769,0,2023-03-31 12:46:35,mentally people want shoot schools true people guns want randomly kill innocent people guns protection aggression transgender people even christian care christians believe bible says sex orientation sin okay take issue god prayer killing innocent children pastors marry men women biblical principles standards redefining male female terms marriage make pastor priest obligated marry anyone defies biblical definition marriage okay go someone else get married leave christians alone fault bible says
,kh7190,1,2023-03-31 17:59:27,subreddit god work
,Hopeful-Base-2769,0,2023-03-31 18:04:59,suppose guess appreciate people different views matter believe something learn everyone easy get stuck echo chamber hive minded opinions without considering viewpoints
,peppelaar-media,3,2023-03-30 18:51:14,called trauma response ptsd
,AlphaVictor503,0,2023-04-01 18:46:45,trans show mental idiot freaks think need play game play bullies
,Kuildeous,1,2023-04-01 20:53:29,see understand shit well someday better understand world grow need play game fucking asshole
,TheLegend---27,1,2023-04-09 14:41:06,dayum bullied kid ticks could say lighter form tourettes never thought shooting school killing innocent kids amount bullying justifies killing innocent people especially children everyone tries find reason tries downplay shooter bullied bohoo bad try telling parents faces wrote really dumb statements
,AlphaVictor503,1,2023-04-01 15:13:44,needed bullies enough got hands
,New-Cryptographer959,1,2023-04-08 15:54:53,bullied constitutes shooting people everyone gets bullied made fun throughout life shooting someone giving life taking innocent others justifiable means people innocent feel much worse innocent children year olds died early shooter made fun comment guns dumbest thing ever read guns kill people people right put gun table stare barrel without touching bet mil make
,Kuildeous,1,2023-04-08 16:28:55,bullied constitutes shooting people given said literal opposite bemused came errant conclusion
,TheLegend---27,0,2023-04-09 14:43:56,given said literal opposite bemused came errant conclusion trying justify find reason cant done mentally ill person shot school mental health issues transgender thoroughly researched would transphobic
,jwdcincy,27,2023-03-30 13:21:56,wait find
,kh7190,4,2023-03-30 14:16:03,absolutely
,whiskeybridge,116,2023-03-30 13:20:38,thing mass shooters common guns incident going specific proximate immediate causes bully people mean may come back shoot us later help everyone get mental health need want healthier society one part healthier society fewer murders suicides finally statements controversial
,kh7190,18,2023-03-30 14:21:59,exactly guns certain folks wan na continue point fingers mental health
,RMSQM,25,2023-03-30 15:14:32,people also refuse fund mental healthcare lying ghouls
,Mister_Silk,18,2023-03-30 14:55:54,problem guns objects problem population mentally healthy responsible problem arises population mentally healthy responsible many guns laying around easy get one combination two deadly
,NotPortlyPenguin,11,2023-03-30 15:29:07,yeah guns make lot easier kill multiple people believe challenge start opposite ends basketball court armed knife even machete armed pistol first one die loses challenge
,Saiboogu,7,2023-03-30 16:26:42,reply adding anything already acknowledged guns problem along mental health one debating relative lethality different weapons thread saying guns
,[deleted],0,2023-03-31 00:41:31,removed
,NotPortlyPenguin,2,2023-03-31 00:45:42,conservatives call mental health problem countries people mental health problems mass shootings one one exactly one difference us developed countries us unfettered access guns also us allows people carry guns everywhere even old west walk around towns carrying guns
,[deleted],-1,2023-03-31 02:36:11,removed
,NotPortlyPenguin,1,2023-03-31 12:07:26,people allowed walk around town armed reason goes lack government intervention government literally intervened said
,[deleted],1,2023-03-31 15:32:19,removed
,NotPortlyPenguin,2,2023-03-31 16:18:32,government involvement government involvement regardless level government also nobody banning guns reich wing gun nuts use disingenuous argument goal gun vending machines dead schoolchildren
,Outrageous-Oil-5727,1,2023-04-06 10:06:59,personally say yes little firearms training untrained pistol making accurate shot make within yards range may well make accurate shot also absolutely going get tapped knife probably get seriously injured
,livingdead70,2,2023-03-30 20:42:41,problems arises guns using shootings guns specifically made kill many people possible shortest amount time
,NotPortlyPenguin,6,2023-03-30 15:22:16,yes countries people mental health issues people playing violent video games transgender people number things conservatives blame unfettered access guns ability legally carry everywhere
,electricoreddit,0,2023-03-30 21:25:04,guns would use knifes instead issue guns access mostly ultraconservative ultrareligious reactionary asswipes
,bizarre_coincidence,2,2023-03-30 18:44:16,like people good afraid god condemn hell sin people respond credible threats punishment retaliation amount saying bullying mean engage grounds alone going stop bully simply respond say victims asked stop make
,whiskeybridge,3,2023-03-30 19:52:23,police selves policed
,Varos_of_the_Mazydaj,1,2023-03-31 00:49:39,hello must speak hypothetical victim tell man fuck either ignore bastard give coming attempt tactic solve issue opposed actually fixing problems society almost become like boomers say desire fast solutions without understanding consequences therefore give control government liberties beat around bush rather actually fixing problems society existing since practically alexander hamilton henry clay people sir great beast trusted without control indesire fix problems hand gov power justifies expansion philosophy people stupid thank reading incoherent rant
,Hollywearsacollar,18,2023-03-30 14:15:37,church school associated part child abuse situation years ago
,Thatguyxlii,17,2023-03-30 16:33:54,yes allegations sexual abuse church covering church tried get allegations dismissed allowed go trial dismissed prejudice means plaintiff file church allegation court lack evidence tennessee courts corrupt churches
,Hollywearsacollar,11,2023-03-30 16:48:05,sure abuse happened none surely made christian organization ever abused anyone
,Thatguyxlii,7,2023-03-30 16:56:16,let say shooter victim sexual abuse never know never know investigated
,TheLegend---27,1,2023-04-09 14:46:17,let go kill innocent children got
,kh7190,2,2023-03-30 15:17:19,surprised know details
,Ok-Commercial1152,1,2023-04-01 01:14:55,local nashville found two child rapists church affiliated school shooter definitely student rapist first article victim maybe also gay trans attending school could hell shooter chose kill gop taking away rights trans gay people one strike back especially depressed suicidal politicians many security guards kids republicans mostly private christian schools right want hurt gop murder kids payback torture removal rights maybe shooter thought could make gop rethink back still forging ahead remove rights people least shooter got hurt hurts die anyways justifying murders wish angle discussed around bc christian extremists need stop hurting lgbtq community maybe saw big catalyst would step back stop bullying marginalized people especially serious trauma like raped church member covered church foresee happening
,antequammoriar,26,2023-03-30 13:45:22,apparently allegations abuse perpetrated head schools unclear shooter abused years abuse occurred shooter student
,psychotica1,9,2023-03-30 15:56:03,also read articles surprised shooter one victims
,kh7190,9,2023-03-30 14:24:58,surprise either true insurance available religions institutions deal rampant sexual misconduct church leaders
,CraftsWithCats,8,2023-03-30 15:18:45,expert experience nonprofit leadership organizations work vulnerable populations generally types organizations churches schools nonprofits liability insurance covers instances abuse quick googling shows liability insurance covers abuse often debated court cases variable insurance companies offer sexual misconduct insurance market broadly list includes engineering companies food construction vendors work campuses yes deep problems many religious institutions fail protect vulnerable populations individuals presence insurance policies around necessarily red flag recommended business process across variety industries
,kh7190,5,2023-03-30 15:24:44,thank sharing statistics often religious institutions file sexual misconduct liability claims compared places
,CraftsWithCats,2,2023-03-30 17:02:02,great question looking around online hard find data tbh sure extent insurance companies required report claims make data available since outside industry seeing regards data sexual misconduct eeoc reporting victims employees constituents clients members beneficiaries stakeholders etc really useful comparison imo interested greatest number eeoc sexual misconduct claims originated food services accommodation industries followed retail industry manufacturing healthcare rounding top five absolutely concerned churches level abuse seeing think another important example abuse misconduct look boy scouts america abuse settlement bsa two largest insurers part negotiating settlement upheld bsa strong relationships churches overall christian alignment nonprofit organization works youth according report center nonprofits philanthropy nonprofits marked children youth one primary populations served one things bsa well similar many churches strong proactive policies place would restrict abuse opportunities enforcing policies organizational policies like always requiring least two adults present especially one one interactions meeting open rooms visible spaces etc along monitoring oversight enforcement policies good measures attentive organization protecting children youth vulnerable adults interesting side bar abuse religious spaces specifically denominations larger body adopted specific practices individual congregations expected follow know episcopal united methodist denominations existing policies churches independent denomination evangelical churches belong denomination little governance southern baptists generally less oversight fewer expectations fewer resources creating policies protecting vulnerable populations one large glaring exception course catholic church tight denomination oversight used protect people sbc used governance fail abuse victims well
,antequammoriar,11,2023-03-30 14:29:14,case bad organization insurance molestation committed church leadership mean damn
,kh7190,3,2023-03-30 15:13:59,fucking sick
,-Average_Joe-,0,2023-03-30 16:53:56,thought insurance bribing leaning politicians
,kh7190,2,2023-03-30 15:13:00,terrible
,djmjrules,2,2023-03-30 14:33:21,ok case plot really went course killed numerous people nothing including little kids
,antequammoriar,8,2023-03-30 14:47:31,sure shooter completely unhinged regardless motivation think apply logic someone whose actions logical said still fully know shooter motivations led events almost everything regarding shooter mindset speculation time far know
,SlightlyMadAngus,35,2023-03-30 14:32:43,murder means opportunity motive means shooter access legally purchase arsenal firearms opportunity shooter family friends doctors missed underestimated shooter mental crises motive suspect unreleased manifesto certainly would surprise related shooter experience real perceived abuse christian schools attended think removing one three would prevented least made difficult shooter commit heinous act want changes made areas nation people need stop talking something stop sale semi automatic firearms yes includes ar ak platform rifles also semi auto sporting hunting rifles shotguns pistols solution start yes firearms including semi autos willing give make world better make much easier obtain mental health treatment available everyone cost also fund education programs remove stigma mental health issues education start early schools religion longer allowed dictate definition normal religion preaches lgbtq evil committing hate crime different preaching certain races nationalities evil less intelligent simply unacceptable society longer allow way absolves shooter refuse consider shooter victim give shit mental anguish went justification murdering six innocent people including three children victim asshole recognize significant issues work remove significant issues reduce probability happening
,kh7190,6,2023-03-30 15:14:31,truly absolutely agree
,Jeff_Portnoy1,3,2023-03-30 19:10:07,ok plan idea one would work simply late ban guns willing give guns many americans mean forget ones collect guns think ones guns registered think law already breaking going make hand government go around knocking peoples doors ask guns seem doable saying think give throw hands rather think come solution really help discuss
,celade,2,2023-03-30 19:38:34,something difficult impossible late given younger voters shift politics etc kinds things change one point someone pre civil war might said late antebellum south abolish slavery agree practical issues however types solutions confiscating guns merely making weapons harder buy would big deal also statistically would hazard hypothesis small changes gun access would show amplified effects especially think conditions lead violence reducing availability fire arms seems easily doable seems undoable extremes extremes seem doable time given small intentional changes
,SlightlyMadAngus,1,2023-03-30 20:40:51,said start solutions guarantee guns removed street waiting perfect solution pointless however certainly stop retail sale semiautomatic firearms new used firearms used shooter purchased legally forced purchase illegally another hurdle shooter would needed get another opportunity law enforcement become involved far existing semiauto weapons one possible additional step outlaw transactions involving semiauto firearms one keep sell give away breaking law firearm subject seizure possess destroy another possible step outlaw manufacture sale rimless cartridges components making cartridges brass bullets dies would outlaw vast majority ammunition fired semiautos including mm mm used ars x used aks sure existing ammo could reloaded existing dies brass calibers could modified use semiauto gang bangers going reloading presses dies yet another huge hurdle mass shooter get problem every firearm law ever read people side wanting implement law seem know nothing firearms side using knowledge firearms make laws useless
,ToadBearMaster,1,2023-03-30 16:15:27,well said well said indeed
,celade,1,2023-03-31 02:28:49,totally agree best points think good job describing exactly stuff might generalize areas want see change well sadly forehead still sore countering hopefully minority opinions victims violent trans equated violent behavior empirically see nice see clear reasoned way viewing topics
,very_random_user,1,2023-03-31 11:25:01,forgot mental health issue far important whatever written manifesto someone psychopathic tendencies goes school shoots children
,djmjrules,5,2023-03-30 14:32:08,topic hard discuss without looking like support absolutely support condone think people got deserved however living area people constantly making feel less human must tough
,kh7190,1,2023-03-30 15:20:24,exactly
,trailrider,5,2023-03-30 14:41:03,mean unreasonable assumption given know christian hatred lgbtq things let wait see authorities find
,Ordinary_Liberal_57,1,2023-04-27 11:57:24,lgbt hatred christians
,WystanH,6,2023-03-30 15:05:23,school kid shoots school attended bullying top list likely motivations shooter part group likely bullied like lgbtq christian school would surprising motivation
,hermeb78,6,2023-03-30 16:24:49,waiting manifesto mean time aclu tracking anti lgbtq bills tennessee pretty sure mental health would wrecked also laws grooming accusations armed opposition showing harass raised buddhist parents leave buddhism teaches law cause effect underlies workings phenomena
,TheLegend---27,1,2023-04-09 14:57:01,aclu tracking anti lgbtq bills tennessee sb bill attempts discriminate lgbtq tennesseans codifying sex person immutable biological sex determined anatomy genetics existing time birth evidence person biological sex throughout state code earlier month governor bill lee signed bill prevent transgender youth accessing age appropriate best practice medical care governor also signed country first ban drag performances one country legendary music capitals restricting artists freedom expression ability entertain perform implementing common sense nice see common sense wanting sexualize children transphobic supporting drag shoes probably closet p think theres age appropriate medical care helping trying mutilate kids
,Itsbadmmmmkay,5,2023-03-30 15:33:10,even theorize agree facts important occam razor says simplest scenario often correct one honest first thing popped head
,kh7190,2,2023-03-30 15:43:10,right said guess means attacking trans people point vilify christianity posted subreddit condoning sick tired christians voting things support lgbtq tired harassing people becoming mentally ill fucking tired religion controlling everything fucking country christians act surprised violence finds audacity say hate crime black man killing jeffrey dahmer calling hate crime jd specifically targeted black people racist
,Itsbadmmmmkay,1,2023-03-30 15:47:54,welcome cancel culture hypocrisy within hate makes feel better christians think portray loud ones makes seem like bigger group really
,kh7190,1,2023-03-30 15:53:31,true majority christians vote discriminatory way might nice face vote take rights away keep voting read want read let gay people marry let woman get abortion etc
,Itsbadmmmmkay,0,2023-03-30 17:52:36,say majority experience less half large portion know politically active others vote way reasons social policies namely wallet know christians adamantly social welfare programs issues gay marriage lgbt community registering guns inherent flaw two party system enough diversity capture voter really wants reasonable rational nuanced voter gets lumped crazies extremists party
,Itsbadmmmmkay,1,2023-03-30 16:02:20,history republicans generation behind social issues slavery women suffrage african american suffrage etc country moved forward always think next generation trans rights racism old news boring discussion dicussion slavery today people want fuel fire let vocal keep us compromise progress vilify generalize fellow american citizens exactly
,BoilingFrog71,7,2023-03-30 14:14:30,bullied probably abused
,kh7190,4,2023-03-30 15:16:45,exactly point
,psychotica1,7,2023-03-30 15:54:03,someone posted links bunch articles sex crimes school one priests took troubled kids home abused kids taken school without parents asking took place time shooter attended school know happened shooter surprising noticed gender identity questions
,kh7190,4,2023-03-30 15:58:44,omg terrible
,psychotica1,5,2023-03-30 16:01:21,victim hope comes people know mental health issues related sexual abuse hands school trans curious letter left behind
,Loki-L,13,2023-03-30 13:25:25,random speculation wrong bad reality rarely fit clean nice narrative make head make story seems likely without enough information make look bad information comes contradicts worst look better people fox news rant conspiracies exist head
,kh7190,7,2023-03-30 15:11:36,ew god compare fox news lol sure sympathy gunman targeted found statistics much transgender folks bullied different saying systemic racism behind stereotype black people violent inherently violent circumstances deal based race contributing factor stereotype came
,bradywhite,3,2023-03-30 16:36:04,sure sympathy gunman targeted
,RandomGirl42,3,2023-03-30 14:55:35,based information made public particular case least stretch story pretty much start school even target shooter considered seems indication victims intentionally targeted given shooter clearly prepared getting guns deciding first target planning one would expect plan involve intended targets specific school realted cause shooting take place school specifically teachers prevent bullying former students employed school
,PocketGoblix,3,2023-03-30 15:40:05,would never happened access gun first place
,kh7190,3,2023-03-30 15:49:50,true
,Rikathchii,3,2023-03-30 16:12:47,see could well reason even reason bullied trans talking bullies little self awareness reason come trans think conservatives christians could happier shooter trans gives excuse absolve guilt hint wretched transphobes say okay kill teh evil transes greater good shit bonus points trans person question ended dying main goal along main objective transphobia eliminating left handed peopl mean transgender folks also yes obligatory disclaimer condone actions mass murderer guns everything else reasonable
,revtim,3,2023-03-30 16:50:03,may may apply recall tweets conservatives stating lgbtq people prone suicide suicide attempts attempted point gathered people lgbtq somehow choose course real reason attempt suicide treated like shit people like douchenozzle making tweet
,Many_Rule_9280,3,2023-03-30 18:01:43,said somewhere else today gun owner yes something needs done without criminalizing millions law abiding americans solve end safety nets place anything unless rich got lucky make decently large income gun owner literally hope never use another human ever continue go range unalienable bunch paper targets spend time friends family couple hours considering everything bunch things need fixed point
,Zombull,3,2023-03-30 18:13:28,course wrong discuss possibility seems complex nuanced case sort thing right likes oversimplify distort narrative
,Comfortable_Front370,3,2023-03-30 18:28:57,fbi plans release manifesto soon hopefully edit
,JaiC,3,2023-03-30 20:15:58,indeed perhaps asking christians deserve republicans would want us
,Euphoric-Dance-2309,8,2023-03-30 14:18:55,whether bullied fact killed little kids excuse hate used villainous trans people really indictment whole gun culture
,kh7190,2,2023-03-30 15:19:46,vilify christians accepting transgender individuals created monster aiden school complicit abuse horrific toxic culture produces toxic people hurt people hurt people take away guns yeah stop hurting people multi faceted issue
,Euphoric-Dance-2309,4,2023-03-30 15:29:56,agree everything multi faceted see counter argument want show compassion trans gender individual white male
,[deleted],1,2023-03-30 15:45:10,agree stop hurting people problem created monster pretty sure trans people suffered disrespect possibly abuse murder innocent children snapped someone abusing killed gone back teacher abused would make sense woman sexually abused raped yet want murder young boys even men done nothing planned thought attack kids school makes shooters whole demographic look bad instead raising kind awareness mistreatment cowardly instead standing snapping adults people mistreated goes takes lives children
,kh7190,-2,2023-03-30 15:51:26,transgender person man
,DatDamGermanGuy,12,2023-03-30 13:42:47,wrong irrelevant another person guns shot school bottom line sexual identity shooter republican kabuki theater falling
,JJGIII-,3,2023-03-30 14:58:46,strongly agree going exactly right wants demonizing trans people expected mass shooting turn left seen victimizing shooter opposed actual victims shooting
,oz6702,8,2023-03-30 15:37:23,edit root cause mass shootings always guns easy possess one post less trying address issue perspective think guns issue people also vote mental health resources time time fair op much saying agree narrative either wonder shooter bullied abused contributed motivation end day academic problem innocent children dead person anger met incredible ease access guns
,Shauiluak,6,2023-03-30 15:36:53,need theorize manifesto released please give time come anything else gasoline fire us trans people edit sure downvote wanting people throw ideas might nothing know much shooter got right wing talking heads violently calling us enemy christianity saying take guns something us yeah downvote wanting go calm mine trans people personal safety situation spirals control
,BlishBlash,6,2023-03-30 14:14:33,mass shooters personal gripe matter matters insane amount guns us guns people easy access sets us apart every industrialized country world
,kh7190,3,2023-03-30 15:17:00,agree
,BalamBeDamn,2,2023-03-30 16:12:31,think made good points would also like know unwilling blame gun legislation willing blame
,kh7190,2,2023-03-30 16:26:57,exactly like want lol toxic christian culture absolutely way sarcasm
,TaleEnvironmental355,2,2023-03-30 16:36:36,manifesto said explains everything cops giving probably never know reasons given last messages weird probably never know best think hard want create hate discourse
,Dewahll,2,2023-03-30 17:57:50,think logical conclusion course know could bullied life recent legislation trans people even talk putting camps decided enough also know treated school understanding attended younger maybe abused really know also read parents particularly accepting trans many factors hopefully release manifesto said actions abhorrent violence never answer shame society allow people mental health get point happens wish society would condemn hate bigotry violence though seems hell bent hating oppressing others regardless much death destruction causes need better
,kh7190,2,2023-03-30 19:37:02,camps
,Dewahll,2,2023-03-30 20:48:20,todd kincannon former executive director south carolina republican party one example
,sc0ttt,2,2023-03-30 18:07:29,would also caution speculation thoughts particular shooter might pick particular venue easy target high body count lots publicity familiar building worked schooled grudge owners employees nashville shooter seem well organized could lot worse like sandy hook easy imagine played role incident may dozens grudges nothing gender issues
,Jeff_Portnoy1,2,2023-03-30 19:07:36,either way shoot fucking children mean seriously fucked thing oh accepting going show shooting year olds yeah get em
,Peaurxnanski,2,2023-03-30 19:12:54,yes ok theorize motive long goal find way excuse actions excuse literally none never justifiable reason pick weapon hurt kill children care much someone else made fun
,Dredly,2,2023-03-30 19:47:45,religious school safe money molestation
,HorrorDirect,2,2023-03-30 23:11:15,possible think revenge thing school treated excuse kill innocent children people crazy trans mental problems nothing gender identity anyone psycho
,SnowflowerSixtyFour,2,2023-03-30 23:52:27,may unrelated politically well connected pastor associated school john perry known raping afab students around time shooter going school pastor managed get away scot free statute limitations passed school course covered absolutely circumstantial take grain salt theory shooter one victims decided take revenge horrific results
,JinkyRain,2,2023-03-31 00:30:30,people saying condoning violence hate people attempt shift blame attempt identify unwitting accomplices contributed lethal result deserve face justice even shooter longer able
,kh7190,2,2023-03-31 17:52:21,exactly abuse going victim
,jewtaco,2,2023-03-31 03:51:48,even case justify even remotely
,kh7190,1,2023-03-31 17:48:51,justifying
,SiofraRiver,2,2023-03-30 14:45:00,vacuum nothing wrong current climate least cautious bullied sorts things christian schools worse things bullying occur
,I-am-a-memer-in-a-be,2,2023-03-30 23:32:22,want speculate get press release cops reasonable theory christian bigots make poor girls life living hell traumatize goes postal realistic
,EverymanGirl,3,2023-03-30 13:53:19,non binary queer agree others framing unhelpful minimum think framing trans people violent ticking time bombs extremely bad idea feels victim blaming way blaming gun violence bullying instead changing people behavior accepting makes people likely judge bully victims person went high school early right colombine think additional scrutiny bullied kids horrible helps one think victim blaming btw think seeing rise transphobia particularly religious institutions think concerned majority non violent queer people attack think important separate discrimination unique issue gun violence due guns
,[deleted],0,2023-03-30 14:13:23,deleted
,EverymanGirl,4,2023-03-30 14:14:49,saying super bad framing places target rest us transphobia make us turn gun violence
,Mister_Silk,4,2023-03-30 15:03:27,think need stop correlation trans propensity violence also correlation mental illness propensity violence fact groups much higher risk becoming victims violence perpetrating
,theloop82,2,2023-03-30 14:50:57,call whatever want time shooting random people children mental illness like cake cake mental illness frosting whatever shooter writes manifesto
,IMTrick,1,2023-03-30 15:29:47,seems bit pointless try guess someone may done something like yes may bullying could easily something else easy people figure going head person would shoot school either find reasons eventually making narratives make sense really morbid game
,kh7190,1,2023-03-30 15:48:36,pointless trying figure something way solve issue keeps reoccurring like someone else said solution multi faceted need better gun legislation religion say gets freedoms rights etc absolutely morbid wanting ignore issue chalk unhinged asshole morbid normal speculate chances trans person shooting school fucking rare let investigate guns
,DegenerateXYZ,1,2023-03-30 16:26:13,every time happens people sections political religious spectrums want point fingers try find reason someone decided walk school murder people view reason arguing motives pointless harm good reason someone complete psychopath somehow easy access firearms got ta figure way keep lunatics away guns know find way otherwise either ban guns america put armed cops every school every day
,Subject_You3151,1,2023-03-31 04:17:03,would gladly give every gun meant putting end mass shootings country laughingstock rest world events like borderline make ashamed american scribbled shit piece parchment paper years ago think ever thought would semi automatic large caliber high capacity rifles
,kh7190,1,2023-03-31 17:57:43,yup talking muskets assault weapons
,rock0star,1,2023-03-30 14:50:01,care motives sob stories child murderers
,Ericrobertson1978,1,2023-04-05 19:18:06,understanding drives people murder innocent children pretty freaking important honesty
,rock0star,2,2023-04-05 19:18:45,fair
,Clenplate,0,2023-03-30 16:46:15,personally think understand phenomena mass shootings enough yet speculate shooters motivations reasoning
,jeffa_jaffa,0,2023-03-30 17:17:40,heads transgenders best word use better say transgender people way say tall people skinny people otherwise think make valid points
,kh7190,5,2023-03-30 19:41:48,sorry verbiage
,Wyrrmkidd,0,2023-03-30 17:19:54,productive conversation course people bullied trans people bullied arguably minority right awful kids bully shot children emphasizing transness relates horrific crime nothing hurt trans community shoot kids trans shot kids warped person wanted hurt people anything back felt trans people shoot christian schools bullying trans people kill bullying delete
,kh7190,3,2023-03-30 19:41:15,knew going die shooting school suicide cop upvotes deleting anything
,Lilshotgun12,0,2023-03-31 01:01:57,friend children nothing case plain victim blaming
,kh7190,2,2023-03-31 17:51:38,see lack critical thinking skills
,Ericrobertson1978,1,2023-04-05 19:34:17,pointing likely reasons person finally snapped went postal victim blaming nobody defending child murdering monster simply trying figure truly hope release manifesto
,Electronic-Tip-3892,0,2023-03-31 03:10:24,final text refers audrey seems like wanted kill kids famous
,kh7190,1,2023-03-31 17:50:22,police said used pronouns
,Electronic-Tip-3892,-1,2023-03-31 21:55:37,sure used based final text refers audrey seem like deadnaming maybe went back identifying female nobody knows based last texts sure seems like seriously interpret text reality huge red herring
,Feinberg,1,2023-03-31 21:58:28,strikes final fuck highlight role deadnaming setting stage attack
,Electronic-Tip-3892,1,2023-03-31 22:47:15,quite leap maybe guess well never know
,Feinberg,2,2023-04-01 02:01:14,leap deciding person struggled years male identity acknowledged suddenly changed mind reason
,Electronic-Tip-3892,1,2023-04-01 02:31:21,years know close friend projecting really idea going based evidence seems one point identified man also identified woman maybe non binary unless actually knew firsthand preferred pronouns everything literally hearsay stand original comment gender discussion huge distraction interpret text literally going go kill going see news going kill kids people finally pay attention signed audrey aiden think much less leap deadnaming grievance
,Feinberg,2,2023-04-01 04:20:53,several comments parents people close family effect based evidence seems unless actually knew firsthand preferred pronouns everything literally hearsay asking different standard evidence claim stand original comment gender discussion huge distraction also said nobody knows case actually yet reason seem super eager argue deadnaming even claiming case basically saying thing giving shit
,danderzei,0,2023-03-31 06:45:47,ne er one simple reason mental illness guns unhealthy combination
,J-Nightshade,0,2023-04-01 13:20:01,reason shot children irrelevant terrible thing whatever motivation whether someone bullied school matter context shooting bulling took place schools could held accountable psychological state victims held accountable actions shooter shooter whoever else contributed thought shooting children good idea
,kh7190,1,2023-04-02 21:53:26,let try figure guess shooters inherently evil guess guess evil real
,AlphaVictor503,0,2023-04-01 15:12:55,get slow head mental like
,kh7190,2,2023-04-02 21:52:08,ok little boy negative karma lol ass good
,Emergency_Hunter_766,1,2023-04-01 15:59:02,thank looking comment
,Ordinary_Liberal_57,0,2023-04-27 11:55:39,justify shooting killing three innocent children long christians shooter trans fascism finest edit oof something seems happened op commented tried excuse murder children psychopath trans person would guessed
,kh7190,1,2023-04-28 11:24:35,sorry understand context feel bad
,Snoo24498,-1,2023-03-30 17:39:39,christianity disapproves life choices never wish harm towards justification vile attack
,kh7190,1,2023-03-30 19:39:26,vote though harmful know pr christians
,Zombull,1,2023-03-30 18:14:37,see anyone trying justify
,Dragonicmonkey7,-1,2023-03-30 18:11:29,seems like non starter everyone nice one would mean essentially saying
,kh7190,3,2023-03-30 19:35:51,conservatives believe possibly guns
,Dragonicmonkey7,0,2023-03-30 19:41:29,think matters guns considering right pointing idea fleshed meaningful way
,kh7190,2,2023-03-30 21:50:40,actually thanks opinion
,Revolutionary-Pin698,-1,2023-03-31 03:34:07,knows weird people trying blame death kids christians something tells islamic school balls say kids died islam views trans people
,Mymidnightescape,2,2023-03-31 15:45:39,clearly spend time subreddit yes fucking would would absolutely blame islam islam koran actually acknowledges existence says respect us christians engaging genocide trans people deaths heads christians condone killing innocent children would happened christians actively trying erase existence force us shadows
,abraxas1,-1,2023-03-31 04:27:27,read pyshco gon na psycho largest influence case probably popularity whole thing like flies molasses pedos church
,Gokusus,-1,2023-03-31 09:33:38,atheist try blame worlds problems religion challenge difficulty impossible
,Hopeful-Base-2769,-1,2023-03-31 12:34:41,killing someone beliefs wrong period none children staff deserved killed period opposing views religious practices sexual preferences prevent empathy another human hate crime christians period
,CoalCrackerKid,-5,2023-03-30 13:28:07,christians accepting transgenders generally point one keeps using
,EverymanGirl,9,2023-03-30 13:37:54,shooter trans man correct
,CoalCrackerKid,5,2023-03-30 14:05:02,accept correction hope every media outlet friend using follows suit sure correct always possible right everybody else wrong try slow fact check things sense one situations edit found citation confirms op right wrong stand corrected
,kh7190,6,2023-03-30 14:12:20,name aiden news reporting correctly
,CoalCrackerKid,3,2023-03-30 14:15:22,see seems bigger merely news friends family deadnaming using pronouns well made question things even mother seems like one stories starts dark tragic gets worse time
,bike_it,2,2023-03-30 14:50:28,mislabelling think right wing media keeps mentioning shooter name sex showing pictures female persona scapegoating trans people gets person lexicon sane news coverage mentions shooter id briefly talk victims like year old hero pulled fire alarm evelyn dieckhaus administrator likely confronted shooter katherine koonce recovery etc supposed talk much shooter glorify possibly encourage others
,CoalCrackerKid,1,2023-03-30 14:56:54,blame right wing left wing media friends family misgendering though agree mental energy case would better spent victims families
,kh7190,1,2023-03-30 15:16:27,harassment lack acceptance
,CoalCrackerKid,1,2023-03-30 15:29:26,stipulated hence initial bias towards thinking folks knew shooter person might ones correct point another commenter made agreed though sad victims getting shot someone shows pretty massive lack acceptance shooter part likely work devoting headspace story right initial post though well worded
,Electronic-Tip-3892,0,2023-03-31 03:04:43,referred audrey final text
,Mister_Silk,1,2023-03-30 14:49:04,think wrong theorize ahead facts indication shooter particular beef school church family anyone else something like may released later nothing hand information released shooter also considered mall another school abandoned plans security also fact nashville public schools resource officer site security particular private school could easily shooter selected softest target available variety options none christian hate quite bit research planning beforehand appear particular mission kill christians also indication anything gender sexual identity think mistake make leap probably best wait information shooter writings mental health history forming kind conclusions
,Thatguyxlii,2,2023-03-30 16:03:06,christian school studenr one allegations sexual abuse made summarily dismissed tn courts lack evidence bible belt possible probably likely shooter suffered emotional trauma possibly ptsd lets say bullied directly school let say closet bible belt christian school still probably told people like going hell abomination god graduation transitioning coming state keeps passing restrictive laws lgbtq community especially transgender people point illegal even provide gender affirming healthcare like hormone treatments counseling puts incredible amount stress people going get worse lgbtq community christians going double hate persecution already started right victims deserve die push people point feel nothing lose result
,kh7190,2,2023-03-30 16:27:59,exactly point thank
,DirtyPenPalDoug,1,2023-03-30 16:12:26,considering cover sexual abuse kids right person would attending seems less like school shooting targeted revenge attack specific people yes yes religious diddlers getting away abuse
,ToadBearMaster,1,2023-03-30 16:13:09,think wrong consider contributing factor
,Professional_360,1,2023-03-30 16:23:05,said yesterday another site hit targeted christians said shooter attended school probably christian went knew school layout etc easier target get say gay community gay btw wtf orlando shooting targeted gay club gay patrons shooter deliberately went gay community nashville shooting targeted shooting
,kh7190,1,2023-03-30 16:25:29,interesting news saying specific targets mind place curious places list
,justhanginhere,1,2023-03-30 16:45:56,motivation punishment religion seems like target would clergy children think shooter chose target softest target path least resistance also would attract attention shooter
,Technical_Xtasy,1,2023-03-30 17:21:26,thinking violence begets violence act could never justified need accept fact inevitable conclusion escalating anti trans hostility
,[deleted],1,2023-03-30 17:47:13,removed
,dudleydidwrong,1,2023-03-30 19:39:51,thank comment unfortunately comment removed following reason bigotry racism homophobia similar terminology rules users abstain type abuse may banned temporarily permanently information regarding similar issues please see subreddit commandments questions please delete comment message mods thank
,vermilithe,1,2023-03-30 17:53:20,possible seems really weird go back revisit primary school years would left also assumption happening shooter would bullied gender identity information suggest shooter others years would attended school additional assumption layered similar discussions aiden trans must christian hated christians understand line reasoning necessarily think enough evidence confirm either know aiden actually cased least one location local mall chose go much security aiden may grudge school society general without manifesto know also transgender people transgenders reason say cisgenders gays straights transgender adjective
,kh7190,1,2023-03-30 19:38:06,sorry verbiage
,vermilithe,2,2023-03-30 19:45:00,ok assumed may known rather hear politely someone else possibly angrier road know
,sp1kline,1,2023-03-30 20:24:22,saying reason never know
,LordRumBottoms,1,2023-03-30 20:47:28,well said targets much security sure religious gives r need good cause mad bullied condone violence target literally shooting course target people calling shooting babies heard trans said going set back angry wet hen groups people yes mind reading obituaries slaughter children random oof
,Banned501,1,2023-03-30 21:05:42,care one trying understand valid reason
,kh7190,2,2023-03-30 21:52:33,people look motive human nature wonder avoid repeating patterns dismiss anything
,bkpeach,1,2023-03-30 21:11:43,think answers details manifesto surface trans people inherently evil
,J_M_Bee,1,2023-03-30 21:23:28,maybe police chief said hale plans kill parents go mall kill people therefore know motive identified makes sense given targets hale mind
,electricoreddit,1,2023-03-30 21:43:31,video btw
,Nervardia,1,2023-03-30 21:43:44,heard went school rife csa
,pqp53-ii68,1,2023-03-30 21:57:01,given religion poisons everything yes makes sense christian school would judgmental unsupportive trans person identity
,Tar-Nuine,1,2023-03-30 22:09:47,read report pointed former principal school also charge half way house abused children accused sexual assault half dozen children care around time shooter area age range school actively defended despite pretty clear motive try kill stood abused condone slaughter children though
,oldsaxman,1,2023-03-30 22:27:28,schoold history abuse students staff may abused justification may part reason
,Isosrule44,1,2023-03-30 22:33:56,one shooting trans shooter everyone goes crazy christian nationalists kill trans people routinely shoot gay night clubs one says word disgusting shooter disgusting trans identity irrelevant bad people bad people trans bad things trans fact used attack lgbt community trans people likely hate crimed shoot school honestly sad
,ShredGuru,1,2023-03-30 22:49:15,christianity definitely f person
,Saciam-,1,2023-03-31 00:39:21,probably felt like christians wronged somehow however fail see innocent year old kids bulling took place years prior hope evil bitch rots hell deserves nothing worst
,[deleted],1,2023-03-31 01:05:51,removed
,dudleydidwrong,1,2023-03-31 01:18:36,think missing point question role religious dogma may played contributing incident proven case know religious dogma caused lot human suffering gay trans kids subjected harassment ostracism religious hangups human sexuality sexual abuse pedophilia happen across society things done ministers priests brings multiple layers hypocrisy people trying set rules everyone else live even follow rules get caught want play get jail card say jesus forgives victims jury forgive well
,scoyne15,1,2023-03-31 02:02:47,wrong theorize reasons however likely drove shooter however wrong sympathize care bullied killed kids
,SilentMark1138,1,2023-03-31 03:04:35,excuse
,kh7190,1,2023-03-31 17:50:46,excuse understanding
,Iriec2,1,2023-03-31 03:16:20,personally think specific transphobic bullying mentioned manifesto never released dangerous manifestos encourage like behavior released far
,Revolutionary-Pin698,1,2023-03-31 03:33:58,speculate maybe taking transformation hormone drugs caused chemical reaction brain knows fact trans gender shows level mental unsuitability people like nowhere near fire arms imo maybe hates idea god would make feel like wrong body strikes back universe worse way possible knows weird people trying blame death kids christians something tells islamic school balls say kids died islam views trans people
,ikatarn,1,2023-04-02 10:16:23,get free pass cause might bullied
,kh7190,1,2023-04-02 21:51:35,god damn people without critical thinking skills continue amaze lol
,ikatarn,1,2023-04-03 02:00:07,exactly
,Puzzleheaded_Rain381,1,2023-04-04 00:11:03,regardless make right shot due bullied though yes bullied know came trans elementary real christians like though catholic rather protestant makes american christianity believe everyone made gods image given free villain terrible evil bitch shooter people use religion justify terrible acts violence justify treating group people bad christians vote much stuff brining know much resurfaced one voting minority voting crazy people specifically target christianity islam judaism even atheist stuff well yes get context school christian mainly addressing lower half post cant really blame christian abuse shooting damn elementary school ignorant especially idea use justify making post demonize christianity
,kh7190,1,2023-04-10 17:06:56,say right think wrong forum sweetie lol
,KingMarcel,1,2023-04-04 02:28:57,gunwoman
